INSERT INTO USER(ID, LOGIN, PASSWORD, REGISTRATION_DATE, NAME, SURNAME, ACTIVE) VALUES (1, 'admin@jura.com', '$2a$10$EblZqNptyYvcLm/VwDCVAuBjzZOI7khzdyGPBr08PpIi0na624b8.', '2016-01-08', 'Jonas', 'Adminovic', TRUE);
INSERT INTO USER(ID, LOGIN, PASSWORD, REGISTRATION_DATE, NAME, SURNAME, ACTIVE) VALUES (2, 'user@jura.com', '$2a$10$EblZqNptyYvcLm/VwDCVAuBjzZOI7khzdyGPBr08PpIi0na624b8.', '2016-01-08', 'Petras', 'Userinskas', TRUE);
INSERT INTO USER(ID, LOGIN, PASSWORD, REGISTRATION_DATE, NAME, SURNAME, ACTIVE) VALUES (3, 'vasaris@jura.com', '$2a$10$EblZqNptyYvcLm/VwDCVAuBjzZOI7khzdyGPBr08PpIi0na624b8.', '2016-01-08', 'Liudas', 'Vasaris', TRUE);
INSERT INTO USER(ID, LOGIN, PASSWORD, REGISTRATION_DATE, NAME, SURNAME, ACTIVE) VALUES (4, 'suspended@jura.com', '$2a$10$EblZqNptyYvcLm/VwDCVAuBjzZOI7khzdyGPBr08PpIi0na624b8.', '2016-01-08', 'Antanas', 'Suspenda', FALSE);
INSERT INTO ROLE(ID, ROLE) VALUES (1, 'admin');
INSERT INTO ROLE(ID, ROLE) VALUES (2, 'user');
INSERT INTO USER_ROLES(user_id, role_id) VALUES (1, 1);
INSERT INTO USER_ROLES(user_id, role_id) VALUES (2, 2);
INSERT INTO USER_ROLES(user_id, role_id) VALUES (3, 2);
INSERT INTO USER_ROLES(user_id, role_id) VALUES (4, 2);
INSERT INTO Project (ID, title, projectManager_id, description, startDate, finishDate) VALUES (1, 'Jura project', 1, 'For companies which installing the software, are given the opportunity to register and track their projects implementation. Projects in the system are divided into sprints, each of which consists of tasks list.', '2015-11-30 10:25:09', '2016-06-01 23:29:11');
INSERT INTO Project (ID, title, projectManager_id, description, startDate, finishDate) VALUES (2, 'E-shop', 1, 'Create food online shop', '2014-02-22 15:21:24', '2014-06-21 20:12:27');
INSERT INTO Project (ID, title, projectManager_id, description, startDate, finishDate) VALUES (3, 'Visit Vilnius iOS app', 2, 'Create Vilnius tourism app on iOS platform', '2015-02-10 11:12:25', '2015-05-10 21:18:11');
INSERT INTO USER_PROJECTS (USER_ID, PROJECT_ID) VALUES (1,1);
INSERT INTO USER_PROJECTS (USER_ID, PROJECT_ID) VALUES (3,1);
INSERT INTO USER_PROJECTS (USER_ID, PROJECT_ID) VALUES (1,2);
INSERT INTO USER_PROJECTS (USER_ID, PROJECT_ID) VALUES (1,3);
INSERT INTO USER_PROJECTS (USER_ID, PROJECT_ID) VALUES (2,1);
INSERT INTO USER_PROJECTS (USER_ID, PROJECT_ID) VALUES (2,2);
INSERT INTO USER_PROJECTS (USER_ID, PROJECT_ID) VALUES (2,3);

INSERT INTO SPRINT (ID, TITLE, STARTDATE, FINISHDATE, PROJECT_ID) VALUES(1, 'SPRINT 1', '2016-01-06 09:14:11', '2016-01-30 21:22:01', 1);
INSERT INTO SPRINT (ID, TITLE, STARTDATE, FINISHDATE, PROJECT_ID) VALUES(2, 'SPRINT 2', '2016-02-01 09:14:11', '2016-02-20 21:22:01', 1);
INSERT INTO SPRINT (ID, TITLE, STARTDATE, FINISHDATE, PROJECT_ID) VALUES(3, 'SPRINT 3', '2016-02-21 09:14:11', '2016-03-18 21:22:01', 1);

INSERT INTO SPRINT (ID, TITLE, STARTDATE, FINISHDATE, PROJECT_ID) VALUES(5, 'SPRINT 1', '2015-12-01 09:14:11', '2015-12-20 21:22:01', 2);
INSERT INTO SPRINT (ID, TITLE, STARTDATE, FINISHDATE, PROJECT_ID) VALUES(6, 'SPRINT 2', '2015-12-21 17:18:11', '2016-01-15 12:14:11', 2);
INSERT INTO SPRINT (ID, TITLE, STARTDATE, FINISHDATE, PROJECT_ID) VALUES(7, 'SPRINT 3', '2016-01-16 12:14:11', '2016-02-05 12:14:11', 2);
INSERT INTO SPRINT (ID, TITLE, STARTDATE, FINISHDATE, PROJECT_ID) VALUES(8, 'SPRINT 4', '2016-02-06 12:15:11', '2016-02-27 12:44:11', 2);

INSERT INTO SPRINT (ID, TITLE, STARTDATE, FINISHDATE, PROJECT_ID) VALUES(9, 'SPRINT 1', '2015-12-21 17:18:11', '2016-01-15 12:14:11', 3);
INSERT INTO SPRINT (ID, TITLE, STARTDATE, FINISHDATE, PROJECT_ID) VALUES(10, 'SPRINT 2', '2016-01-16 12:14:11', '2016-02-05 12:14:11', 3);
INSERT INTO SPRINT (ID, TITLE, STARTDATE, FINISHDATE, PROJECT_ID) VALUES(11, 'SPRINT 3', '2016-02-06 12:15:11', '2016-02-27 12:44:11', 3);

/*Jura project Sprint 1*/
INSERT INTO TASK (ID,TITLE,DESCRIPTION,STORYPOINTS,PROJECT_ID,SPRINT_ID,ASSIGNEE_ID,CREATOR_ID,COMPLETEDBY_ID,CREATIONDATE,UPDATEDATE,COMPLETEDATE,ADDEDTOSPRINTDATE,TASKSTATUS) VALUES (1,'Create repository','Repository will be in a Bitbucket',1,1,1,1,1,1,'2016-01-05 10:35:00','2016-01-08 05:59:00','2016-01-08 05:59:00','2016-01-05 10:35:00','DONE');
INSERT INTO TASK (ID,TITLE,DESCRIPTION,STORYPOINTS,PROJECT_ID,SPRINT_ID,ASSIGNEE_ID,CREATOR_ID,COMPLETEDBY_ID,CREATIONDATE,UPDATEDATE,COMPLETEDATE,ADDEDTOSPRINTDATE,TASKSTATUS) VALUES (2,'Create Maven project','Maven is needed for dependencies',1,1,1,1,1,1,'2016-01-05 10:43:00','2016-01-07 12:33:00','2016-01-07 12:33:00','2016-01-05 10:43:00','DONE');
INSERT INTO TASK (ID,TITLE,DESCRIPTION,STORYPOINTS,PROJECT_ID,SPRINT_ID,ASSIGNEE_ID,CREATOR_ID,COMPLETEDBY_ID,CREATIONDATE,UPDATEDATE,COMPLETEDATE,ADDEDTOSPRINTDATE,TASKSTATUS) VALUES (3,'Create project structure','We need to have different layers for our application',3,1,1,2,1,1,'2016-01-05 10:46:00','2016-01-07 12:34:00','2016-01-07 12:34:00','2016-01-05 10:46:00','DONE');
INSERT INTO TASK (ID,TITLE,DESCRIPTION,STORYPOINTS,PROJECT_ID,SPRINT_ID,ASSIGNEE_ID,CREATOR_ID,COMPLETEDBY_ID,CREATIONDATE,UPDATEDATE,COMPLETEDATE,ADDEDTOSPRINTDATE,TASKSTATUS) VALUES (4,'Create database','As a user I want all data to be stored in a database so I could save and access it',5,1,1,3,1,3,'2016-01-05 10:47:00','2016-01-09 5:59:00','2016-01-09 5:59:00','2016-01-05 10:47:00','DONE');
INSERT INTO TASK (ID,TITLE,DESCRIPTION,STORYPOINTS,PROJECT_ID,SPRINT_ID,ASSIGNEE_ID,CREATOR_ID,COMPLETEDBY_ID,CREATIONDATE,UPDATEDATE,COMPLETEDATE,ADDEDTOSPRINTDATE,TASKSTATUS) VALUES (5,'Create UI structure','As a user I want to have common UI structure so I could conveniently use the application',5,1,1,1,1,2,'2016-01-05 10:56:00','2016-01-25 10:56:00','2016-01-25 10:56:00','2016-01-05 10:56:00','DONE');
INSERT INTO TASK (ID,TITLE,DESCRIPTION,STORYPOINTS,PROJECT_ID,SPRINT_ID,ASSIGNEE_ID,CREATOR_ID,COMPLETEDBY_ID,CREATIONDATE,UPDATEDATE,COMPLETEDATE,ADDEDTOSPRINTDATE,TASKSTATUS) VALUES (6,'Create login view','As a user I want to login so the system would recognize me',8,1,1,1,1,2,'2016-01-05 10:56:00','2016-01-11 9:51:00','2016-01-11 9:51:00','2016-01-05 10:56:00','DONE');
INSERT INTO TASK (ID,TITLE,DESCRIPTION,STORYPOINTS,PROJECT_ID,SPRINT_ID,ASSIGNEE_ID,CREATOR_ID,COMPLETEDBY_ID,CREATIONDATE,UPDATEDATE,COMPLETEDATE,ADDEDTOSPRINTDATE,TASKSTATUS) VALUES (7,'Create logo','Our app must have a logo',2,1,1,1,1,1,'2016-01-05 10:56:00','2016-01-25 10:56:00','2016-01-25 10:56:00','2016-01-05 10:56:00','DONE');
INSERT INTO TASK (ID,TITLE,DESCRIPTION,STORYPOINTS,PROJECT_ID,SPRINT_ID,ASSIGNEE_ID,CREATOR_ID,COMPLETEDBY_ID,CREATIONDATE,UPDATEDATE,COMPLETEDATE,ADDEDTOSPRINTDATE,TASKSTATUS) VALUES (8,'Create page template','Create page template',1,1,1,2,2,2,'2016-01-05 11:03:00','2016-01-21 1:01:00','2016-01-21 1:01:00','2016-01-05 11:03:00','DONE');
INSERT INTO TASK (ID,TITLE,DESCRIPTION,STORYPOINTS,PROJECT_ID,SPRINT_ID,ASSIGNEE_ID,CREATOR_ID,COMPLETEDBY_ID,CREATIONDATE,UPDATEDATE,COMPLETEDATE,ADDEDTOSPRINTDATE,TASKSTATUS) VALUES (9,'Create Project Entity','Create Project Entity',1,1,1,2,2,2,'2016-01-05 11:06:00','2016-01-13 4:11:00','2016-01-13 4:11:00','2016-01-05 11:06:00','DONE');
INSERT INTO TASK (ID,TITLE,DESCRIPTION,STORYPOINTS,PROJECT_ID,SPRINT_ID,ASSIGNEE_ID,CREATOR_ID,COMPLETEDBY_ID,CREATIONDATE,UPDATEDATE,COMPLETEDATE,ADDEDTOSPRINTDATE,TASKSTATUS) VALUES (10,'Create Project DAO methods','Create Project DAO methods',3,1,1,2,2,2,'2016-01-05 11:07:00','2016-01-21 1:00:00','2016-01-21 1:00:00','2016-01-05 11:07:00','DONE');
INSERT INTO TASK (ID,TITLE,DESCRIPTION,STORYPOINTS,PROJECT_ID,SPRINT_ID,ASSIGNEE_ID,CREATOR_ID,COMPLETEDBY_ID,CREATIONDATE,UPDATEDATE,COMPLETEDATE,ADDEDTOSPRINTDATE,TASKSTATUS) VALUES (11,'Create Project Controller methods','Create Project Controller methods',1,1,1,2,2,1,'2016-01-05 11:32:00','2016-01-10 9:48:00','2016-01-10 9:48:00','2016-01-05 11:32:00','DONE');
INSERT INTO TASK (ID,TITLE,DESCRIPTION,STORYPOINTS,PROJECT_ID,SPRINT_ID,ASSIGNEE_ID,CREATOR_ID,COMPLETEDBY_ID,CREATIONDATE,UPDATEDATE,COMPLETEDATE,ADDEDTOSPRINTDATE,TASKSTATUS) VALUES (12,'Create User Entity','Create User Entity',1,1,1,3,1,3,'2016-01-05 11:32:00','2016-01-08 6:03:00','2016-01-08 6:03:00','2016-01-05 11:32:00','DONE');
INSERT INTO TASK (ID,TITLE,DESCRIPTION,STORYPOINTS,PROJECT_ID,SPRINT_ID,ASSIGNEE_ID,CREATOR_ID,COMPLETEDBY_ID,CREATIONDATE,UPDATEDATE,COMPLETEDATE,ADDEDTOSPRINTDATE,TASKSTATUS) VALUES (13,'Create User DAO methods','Create User DAO methods',3,1,1,3,1,3,'2016-01-05 11:32:00','2016-01-08 6:03:00','2016-01-08 6:03:00','2016-01-05 11:32:00','DONE');
INSERT INTO TASK (ID,TITLE,DESCRIPTION,STORYPOINTS,PROJECT_ID,SPRINT_ID,ASSIGNEE_ID,CREATOR_ID,COMPLETEDBY_ID,CREATIONDATE,UPDATEDATE,COMPLETEDATE,ADDEDTOSPRINTDATE,TASKSTATUS) VALUES (14,'Create User Controller methods','Create User Controller methods',1,1,1,3,1,3,'2016-01-05 11:48:00','2016-01-13 9:57:00','2016-01-13 9:57:00','2016-01-05 11:48:00','DONE');
INSERT INTO TASK (ID,TITLE,DESCRIPTION,STORYPOINTS,PROJECT_ID,SPRINT_ID,ASSIGNEE_ID,CREATOR_ID,COMPLETEDBY_ID,CREATIONDATE,UPDATEDATE,COMPLETEDATE,ADDEDTOSPRINTDATE,TASKSTATUS) VALUES (15,'Do passwords encryption','',3,1,1,3,1,2,'2016-01-06 9:56:00','2016-01-07 3:30:00','2016-01-07 3:30:00','2016-01-06 9:56:00','DONE');
INSERT INTO TASK (ID,TITLE,DESCRIPTION,STORYPOINTS,PROJECT_ID,SPRINT_ID,ASSIGNEE_ID,CREATOR_ID,COMPLETEDBY_ID,CREATIONDATE,UPDATEDATE,COMPLETEDATE,ADDEDTOSPRINTDATE,TASKSTATUS) VALUES (16,'Set assignee when creating a new task','Set assignee, when creating a new task',1,1,1,3,1,1,'2016-01-06 10:17:00','2016-01-17 2:21:00','2016-01-17 2:21:00','2016-01-06 10:17:00','DONE');
INSERT INTO TASK (ID,TITLE,DESCRIPTION,STORYPOINTS,PROJECT_ID,SPRINT_ID,ASSIGNEE_ID,CREATOR_ID,COMPLETEDBY_ID,CREATIONDATE,UPDATEDATE,COMPLETEDATE,ADDEDTOSPRINTDATE,TASKSTATUS) VALUES (17,'Create Task entity','',1,1,1,1,2,1,'2016-01-06 10:18:00','2016-01-17 2:30:00','2016-01-17 2:30:00','2016-01-06 10:18:00','DONE');
INSERT INTO TASK (ID,TITLE,DESCRIPTION,STORYPOINTS,PROJECT_ID,SPRINT_ID,ASSIGNEE_ID,CREATOR_ID,COMPLETEDBY_ID,CREATIONDATE,UPDATEDATE,COMPLETEDATE,ADDEDTOSPRINTDATE,TASKSTATUS) VALUES (18,'Create Task DAO methods','',3,1,1,1,2,1,'2016-01-06 10:20:00','2016-01-19 10:27:00','2016-01-19 10:27:00','2016-01-11 10:20:00','DONE');
INSERT INTO TASK (ID,TITLE,DESCRIPTION,STORYPOINTS,PROJECT_ID,SPRINT_ID,ASSIGNEE_ID,CREATOR_ID,COMPLETEDBY_ID,CREATIONDATE,UPDATEDATE,COMPLETEDATE,ADDEDTOSPRINTDATE,TASKSTATUS) VALUES (19,'Create different roles for users','',3,1,1,1,2,2,'2016-01-06 10:22:00','2016-01-19 2:03:00','2016-01-19 2:03:00','2016-01-11 10:22:00','DONE');
INSERT INTO TASK (ID,TITLE,DESCRIPTION,STORYPOINTS,PROJECT_ID,SPRINT_ID,ASSIGNEE_ID,CREATOR_ID,COMPLETEDBY_ID,CREATIONDATE,UPDATEDATE,COMPLETEDATE,ADDEDTOSPRINTDATE,TASKSTATUS) VALUES (20,'Create backlog view','',2,1,1,1,1,1,'2016-01-06 10:30:00','2016-01-15 10:22:00','2016-01-15 10:22:00','2016-01-11 10:30:00','DONE');
INSERT INTO TASK (ID,TITLE,DESCRIPTION,STORYPOINTS,PROJECT_ID,SPRINT_ID,ASSIGNEE_ID,CREATOR_ID,COMPLETEDBY_ID,CREATIONDATE,UPDATEDATE,COMPLETEDATE,ADDEDTOSPRINTDATE,TASKSTATUS) VALUES (21,'Create sprint view','',5,1,1,1,1,1,'2016-01-06 10:42:00','2016-01-10 6:04:00','2016-01-10 6:04:00','2016-01-08 10:42:00','DONE');
/*Jura project Sprint 2*/
INSERT INTO TASK (ID,TITLE,DESCRIPTION,STORYPOINTS,PROJECT_ID,SPRINT_ID,ASSIGNEE_ID,CREATOR_ID,COMPLETEDBY_ID,CREATIONDATE,UPDATEDATE,COMPLETEDATE,ADDEDTOSPRINTDATE,TASKSTATUS) VALUES (23,'Task search','As a user I want to search for tasks in the project',5,1,2,1,1,1,'2016-01-06 10:42:00','2016-02-02 6:04:00','2016-02-02 6:04:00','2016-02-01 12:04:00','DONE');
INSERT INTO TASK (ID,TITLE,DESCRIPTION,STORYPOINTS,PROJECT_ID,SPRINT_ID,ASSIGNEE_ID,CREATOR_ID,COMPLETEDBY_ID,CREATIONDATE,UPDATEDATE,COMPLETEDATE,ADDEDTOSPRINTDATE,TASKSTATUS) VALUES (24,'Add comments to the task','As administrator I want to be able to delete comments at any time',4,1,2,1,1,1,'2016-01-06 10:42:00','2016-02-05 6:04:00','2016-02-05 6:04:00','2016-02-01 12:04:00','DONE');
INSERT INTO TASK (ID,TITLE,DESCRIPTION,STORYPOINTS,PROJECT_ID,SPRINT_ID,ASSIGNEE_ID,CREATOR_ID,COMPLETEDBY_ID,CREATIONDATE,UPDATEDATE,COMPLETEDATE,ADDEDTOSPRINTDATE,TASKSTATUS) VALUES (25,'File upload','As a user I want to upload files to tasks',8,1,2,1,1,1,'2016-01-06 10:42:00','2016-02-04 6:04:00','2016-02-04 6:04:00','2016-02-01 12:04:00','DONE');
INSERT INTO TASK (ID,TITLE,DESCRIPTION,STORYPOINTS,PROJECT_ID,SPRINT_ID,ASSIGNEE_ID,CREATOR_ID,COMPLETEDBY_ID,CREATIONDATE,UPDATEDATE,COMPLETEDATE,ADDEDTOSPRINTDATE,TASKSTATUS) VALUES (26,'Create burndown chart','As a user I want to see a Burndown chart in the sprint overview',8,1,2,1,1,1,'2016-01-06 10:42:00','2016-02-08 6:04:00','2016-02-08 6:04:00','2016-02-01 12:04:00','DONE');
INSERT INTO TASK (ID,TITLE,DESCRIPTION,STORYPOINTS,PROJECT_ID,SPRINT_ID,ASSIGNEE_ID,CREATOR_ID,COMPLETEDBY_ID,CREATIONDATE,UPDATEDATE,COMPLETEDATE,ADDEDTOSPRINTDATE,TASKSTATUS) VALUES (27,'User autocomplete without duplicates','',3,1,2,1,1,1,'2016-01-06 10:42:00','2016-02-16 6:04:00','2016-02-16 6:04:00','2016-02-01 12:04:00','DONE');
INSERT INTO TASK (ID,TITLE,DESCRIPTION,STORYPOINTS,PROJECT_ID,SPRINT_ID,ASSIGNEE_ID,CREATOR_ID,COMPLETEDBY_ID,CREATIONDATE,UPDATEDATE,COMPLETEDATE,ADDEDTOSPRINTDATE,TASKSTATUS) VALUES (28,'CSV export','As a user I want to export list of project tasks',1,1,2,1,2,1,'2016-01-06 10:42:00','2016-02-12 6:04:00','2016-02-12 6:04:00','2016-02-01 12:04:00','DONE');
INSERT INTO TASK (ID,TITLE,DESCRIPTION,STORYPOINTS,PROJECT_ID,SPRINT_ID,ASSIGNEE_ID,CREATOR_ID,COMPLETEDBY_ID,CREATIONDATE,UPDATEDATE,COMPLETEDATE,ADDEDTOSPRINTDATE,TASKSTATUS) VALUES (29,'Create dialog windows','Move all separate creation windows to dialog',1,1,2,1,2,1,'2016-01-06 10:42:00','2016-02-12 11:04:00','2016-02-12 11:04:00','2016-02-01 12:04:00','DONE');
INSERT INTO TASK (ID,TITLE,DESCRIPTION,STORYPOINTS,PROJECT_ID,SPRINT_ID,ASSIGNEE_ID,CREATOR_ID,COMPLETEDBY_ID,CREATIONDATE,UPDATEDATE,COMPLETEDATE,ADDEDTOSPRINTDATE,TASKSTATUS) VALUES (30,'Set common autoComplete atributes','Guidlines for p:autoComplete attributes ',3,1,2,2,2,2,'2016-01-06 10:42:00','2016-02-12 11:04:00','2016-02-12 11:04:00','2016-02-01 12:04:00','DONE');
INSERT INTO TASK (ID,TITLE,DESCRIPTION,STORYPOINTS,PROJECT_ID,SPRINT_ID,ASSIGNEE_ID,CREATOR_ID,COMPLETEDBY_ID,CREATIONDATE,UPDATEDATE,COMPLETEDATE,ADDEDTOSPRINTDATE,TASKSTATUS) VALUES (31,'Fix row navigation','',2,1,2,2,2,2,'2016-01-22 10:42:00','2016-02-19 11:04:00','2016-02-19 11:04:00','2016-02-01 12:04:00','DONE');
INSERT INTO TASK (ID,TITLE,DESCRIPTION,STORYPOINTS,PROJECT_ID,SPRINT_ID,ASSIGNEE_ID,CREATOR_ID,COMPLETEDBY_ID,CREATIONDATE,UPDATEDATE,COMPLETEDATE,ADDEDTOSPRINTDATE,TASKSTATUS) VALUES (32,'Sort results','Functionality to sort search results by date created and date updated',1,1,2,2,3,2,'2016-01-22 10:42:00','2016-02-15 11:04:00','2016-02-15 11:04:00','2016-02-01 12:04:00','DONE');
INSERT INTO TASK (ID,TITLE,DESCRIPTION,STORYPOINTS,PROJECT_ID,SPRINT_ID,ASSIGNEE_ID,CREATOR_ID,COMPLETEDBY_ID,CREATIONDATE,UPDATEDATE,COMPLETEDATE,ADDEDTOSPRINTDATE,TASKSTATUS) VALUES (33,'Implement file storing functionality','',1,1,2,2,3,2,'2016-01-22 10:42:00','2016-02-07 11:04:00','2016-02-07 11:04:00','2016-02-01 12:04:00','DONE');
INSERT INTO TASK (ID,TITLE,DESCRIPTION,STORYPOINTS,PROJECT_ID,SPRINT_ID,ASSIGNEE_ID,CREATOR_ID,COMPLETEDBY_ID,CREATIONDATE,UPDATEDATE,COMPLETEDATE,ADDEDTOSPRINTDATE,TASKSTATUS) VALUES (34,'Unique login (email)','Add validation',3,1,2,2,3,2,'2016-01-22 10:42:00','2016-02-09 11:04:00','2016-02-09 11:04:00','2016-02-01 12:04:00','DONE');
INSERT INTO TASK (ID,TITLE,DESCRIPTION,STORYPOINTS,PROJECT_ID,SPRINT_ID,ASSIGNEE_ID,CREATOR_ID,COMPLETEDBY_ID,CREATIONDATE,UPDATEDATE,COMPLETEDATE,ADDEDTOSPRINTDATE,TASKSTATUS) VALUES (35,'User role assignment','',2,1,2,2,2,2,'2016-01-22 10:42:00','2016-02-13 11:04:00','2016-02-13 11:04:00','2016-02-06 12:04:00','DONE');
INSERT INTO TASK (ID,TITLE,DESCRIPTION,STORYPOINTS,PROJECT_ID,SPRINT_ID,ASSIGNEE_ID,CREATOR_ID,COMPLETEDBY_ID,CREATIONDATE,UPDATEDATE,COMPLETEDATE,ADDEDTOSPRINTDATE,TASKSTATUS) VALUES (36,'Add time zone','Add default time zone to display correct date and time',1,1,2,3,2,2,'2016-01-22 10:42:00','2016-02-15 11:04:00','2016-02-15 11:04:00','2016-02-13 12:04:00','DONE');
INSERT INTO TASK (ID,TITLE,DESCRIPTION,STORYPOINTS,PROJECT_ID,SPRINT_ID,ASSIGNEE_ID,CREATOR_ID,COMPLETEDBY_ID,CREATIONDATE,UPDATEDATE,COMPLETEDATE,ADDEDTOSPRINTDATE,TASKSTATUS) VALUES (37,'Add drag and drop','As a user I want to be able to drag and drop tasks in the sprint view according to their status',8,1,2,3,2,1,'2016-01-22 10:42:00','2016-02-19 11:04:00','2016-02-19 11:04:00','2016-02-17 12:04:00','DONE');
INSERT INTO TASK (ID,TITLE,DESCRIPTION,STORYPOINTS,PROJECT_ID,SPRINT_ID,ASSIGNEE_ID,CREATOR_ID,COMPLETEDBY_ID,CREATIONDATE,UPDATEDATE,COMPLETEDATE,ADDEDTOSPRINTDATE,TASKSTATUS) VALUES (38,'Sprint date range validation','There must be a validation',3,1,2,3,1,3,'2016-01-22 10:42:00','2016-02-15 11:04:00','2016-02-15 11:04:00','2016-02-01 12:04:00','DONE');
INSERT INTO TASK (ID,TITLE,DESCRIPTION,STORYPOINTS,PROJECT_ID,SPRINT_ID,ASSIGNEE_ID,CREATOR_ID,COMPLETEDBY_ID,CREATIONDATE,UPDATEDATE,COMPLETEDATE,ADDEDTOSPRINTDATE,TASKSTATUS) VALUES (39,'Autocomplete of fields','Create functionality, that automatically sets the fields',2,1,2,3,1,3,'2016-01-22 10:42:00','2016-02-06 11:04:00','2016-02-06 11:04:00','2016-02-01 12:04:00','DONE');
INSERT INTO TASK (ID,TITLE,DESCRIPTION,STORYPOINTS,PROJECT_ID,SPRINT_ID,ASSIGNEE_ID,CREATOR_ID,CREATIONDATE,UPDATEDATE,ADDEDTOSPRINTDATE,TASKSTATUS) VALUES (40,'Editable project description','As a project manager I want to edit project description',1,1,2,3,1,'2016-01-22 10:42:00','2016-02-18 11:04:00','2016-02-17 12:04:00','TODO');
INSERT INTO TASK (ID,TITLE,DESCRIPTION,STORYPOINTS,PROJECT_ID,SPRINT_ID,ASSIGNEE_ID,CREATOR_ID,CREATIONDATE,UPDATEDATE,ADDEDTOSPRINTDATE,TASKSTATUS) VALUES (41,'Add to sprint functionality','As a user I want to be able to add a task to sprint while creating a new task',1,1,2,1,1,'2016-01-22 10:42:00','2016-02-18 11:04:00','2016-02-17 12:04:00','TODO');
INSERT INTO TASK (ID,TITLE,DESCRIPTION,STORYPOINTS,PROJECT_ID,SPRINT_ID,ASSIGNEE_ID,CREATOR_ID,CREATIONDATE,UPDATEDATE,ADDEDTOSPRINTDATE,TASKSTATUS) VALUES (42,'Editable task description','As a user I want to edit task description',1,1,2,1,1,'2016-01-22 10:42:00','2016-02-18 11:04:00','2016-02-01 12:04:00','TODO');
/*Jura project Sprint 3*/
INSERT INTO TASK (ID,TITLE,DESCRIPTION,STORYPOINTS,PROJECT_ID,SPRINT_ID,ASSIGNEE_ID,CREATOR_ID,COMPLETEDBY_ID,CREATIONDATE,UPDATEDATE,COMPLETEDATE,ADDEDTOSPRINTDATE,TASKSTATUS) VALUES (43,'Add a logger','As an application operator I want to see log journal so I could track events on the system',1,1,3,1,1,1,'2016-01-19 10:42:00','2016-03-01 10:42:00','2016-03-03 10:42:00','2016-02-20 10:42:00','DONE');
INSERT INTO TASK (ID,TITLE,DESCRIPTION,STORYPOINTS,PROJECT_ID,SPRINT_ID,ASSIGNEE_ID,CREATOR_ID,COMPLETEDBY_ID,CREATIONDATE,UPDATEDATE,COMPLETEDATE,ADDEDTOSPRINTDATE,TASKSTATUS) VALUES (44,'Configure logger','Configure logger to log into a file',3,1,3,1,1,1,'2016-01-20 10:42:00','2016-03-03 10:42:00','2016-03-03 10:42:00','2016-02-20 10:42:00','DONE');
INSERT INTO TASK (ID,TITLE,DESCRIPTION,STORYPOINTS,PROJECT_ID,SPRINT_ID,ASSIGNEE_ID,CREATOR_ID,COMPLETEDBY_ID,CREATIONDATE,UPDATEDATE,COMPLETEDATE,ADDEDTOSPRINTDATE,TASKSTATUS) VALUES (45,'Add Tooltips','As a user I want to see tooltips when I focus on app elements',3,1,3,1,1,1,'2016-01-21 10:42:00','2016-02-21 10:42:00','2016-02-22 10:42:00','2016-02-20 10:42:00','DONE');
INSERT INTO TASK (ID,TITLE,DESCRIPTION,STORYPOINTS,PROJECT_ID,SPRINT_ID,ASSIGNEE_ID,CREATOR_ID,CREATIONDATE,UPDATEDATE,ADDEDTOSPRINTDATE,TASKSTATUS) VALUES (46,'Add documentation','User must see a documentation on how to work with an app',3,1,3,1,1,'2016-01-22 10:42:00','2016-02-20 10:42:00','2016-02-20 10:42:00','INPROGRESS');
INSERT INTO TASK (ID,TITLE,DESCRIPTION,STORYPOINTS,PROJECT_ID,SPRINT_ID,ASSIGNEE_ID,CREATOR_ID,CREATIONDATE,UPDATEDATE,ADDEDTOSPRINTDATE,TASKSTATUS) VALUES (47,'Create jQuery style','Create and apply custom jQuery style',5,1,3,1,1,'2016-01-23 10:42:00','2016-02-20 10:42:00','2016-02-20 10:42:00','INPROGRESS');
INSERT INTO TASK (ID,TITLE,DESCRIPTION,STORYPOINTS,PROJECT_ID,SPRINT_ID,ASSIGNEE_ID,CREATOR_ID,CREATIONDATE,UPDATEDATE,ADDEDTOSPRINTDATE,TASKSTATUS) VALUES (48,'Sort table contents','As a user I want to sort all table contents by selected column name',5,1,3,2,1,'2016-01-24 10:42:00','2016-02-20 10:42:00','2016-02-20 10:42:00','TODO');
INSERT INTO TASK (ID,TITLE,DESCRIPTION,STORYPOINTS,PROJECT_ID,SPRINT_ID,ASSIGNEE_ID,CREATOR_ID,CREATIONDATE,UPDATEDATE,ADDEDTOSPRINTDATE,TASKSTATUS) VALUES (49,'Move calculations to service layer','Move calculations and validations to service beans where possible',8,1,3,2,2,'2016-01-25 10:42:00','2016-02-20 10:42:00','2016-02-20 10:42:00','TODO');
INSERT INTO TASK (ID,TITLE,DESCRIPTION,STORYPOINTS,PROJECT_ID,SPRINT_ID,ASSIGNEE_ID,CREATOR_ID,CREATIONDATE,UPDATEDATE,ADDEDTOSPRINTDATE,TASKSTATUS) VALUES (50,'Configure database columns sizes','',1,1,3,2,2,'2016-01-26 10:42:00','2016-02-20 10:42:00','2016-02-20 10:42:00','TODO');
INSERT INTO TASK (ID,TITLE,DESCRIPTION,STORYPOINTS,PROJECT_ID,SPRINT_ID,ASSIGNEE_ID,CREATOR_ID,CREATIONDATE,UPDATEDATE,ADDEDTOSPRINTDATE,TASKSTATUS) VALUES (51,'Create user menu','As a user I want to have my user menu',1,1,3,2,3,'2016-01-27 10:42:00','2016-03-01 10:42:00','2016-03-01 10:42:00','TODO');
INSERT INTO TASK (ID,TITLE,DESCRIPTION,STORYPOINTS,PROJECT_ID,SPRINT_ID,ASSIGNEE_ID,CREATOR_ID,CREATIONDATE,UPDATEDATE,ADDEDTOSPRINTDATE,TASKSTATUS) VALUES (52,'Add validations','As a user I want to be informed if I enter wrong information',2,1,3,2,3,'2016-01-28 10:42:00','2016-03-01 10:42:00','2016-03-01 10:42:00','TODO');
INSERT INTO TASK (ID,TITLE,DESCRIPTION,STORYPOINTS,PROJECT_ID,SPRINT_ID,ASSIGNEE_ID,CREATOR_ID,CREATIONDATE,UPDATEDATE,ADDEDTOSPRINTDATE,TASKSTATUS) VALUES (53,'Full backlog','Link to full backlog (should be attached to table)',2,1,3,3,1,'2016-01-29 10:42:00','2016-03-01 10:42:00','2016-03-01 10:42:00','TODO');
INSERT INTO TASK (ID,TITLE,DESCRIPTION,STORYPOINTS,PROJECT_ID,SPRINT_ID,ASSIGNEE_ID,CREATOR_ID,COMPLETEDBY_ID,CREATIONDATE,UPDATEDATE,COMPLETEDATE,ADDEDTOSPRINTDATE,TASKSTATUS) VALUES (54,'Custom project dates validator','Create custom project dates validator',3,1,3,3,1,1,'2016-01-30 10:42:00','2016-02-25 10:42:00','2016-02-25 10:42:00','2016-02-20 10:42:00','DONE');
INSERT INTO TASK (ID,TITLE,DESCRIPTION,STORYPOINTS,PROJECT_ID,SPRINT_ID,ASSIGNEE_ID,CREATOR_ID,COMPLETEDBY_ID,CREATIONDATE,UPDATEDATE,COMPLETEDATE,ADDEDTOSPRINTDATE,TASKSTATUS) VALUES (55,'Add style to dataTables','Datatables must look good.',3,1,3,1,1,1,'2016-01-31 10:42:00','2016-02-25 10:42:00','2016-02-25 10:42:00','2016-02-20 10:42:00','DONE');
INSERT INTO TASK (ID,TITLE,DESCRIPTION,STORYPOINTS,PROJECT_ID,SPRINT_ID,ASSIGNEE_ID,CREATOR_ID,COMPLETEDBY_ID,CREATIONDATE,UPDATEDATE,COMPLETEDATE,ADDEDTOSPRINTDATE,TASKSTATUS) VALUES (56,'Add Completed by field','Add Completed by field to task entity, show it in task view"',5,1,3,1,1,1,'2016-02-01 10:42:00','2016-03-01 10:42:00','2016-03-02 10:42:00','2016-03-01 10:42:00','DONE');
INSERT INTO TASK (ID,TITLE,DESCRIPTION,STORYPOINTS,PROJECT_ID,SPRINT_ID,ASSIGNEE_ID,CREATOR_ID,COMPLETEDBY_ID,CREATIONDATE,UPDATEDATE,COMPLETEDATE,ADDEDTOSPRINTDATE,TASKSTATUS) VALUES (57,'Fix navigation bug','Navigating by url bug',1,1,3,1,1,2,'2016-02-02 10:42:00','2016-02-26 10:42:00','2016-02-26 10:42:00','2016-02-20 10:42:00','DONE');
INSERT INTO TASK (ID,TITLE,DESCRIPTION,STORYPOINTS,PROJECT_ID,SPRINT_ID,ASSIGNEE_ID,CREATOR_ID,COMPLETEDBY_ID,CREATIONDATE,UPDATEDATE,COMPLETEDATE,ADDEDTOSPRINTDATE,TASKSTATUS) VALUES (58,'Username validation','Username validation (need to move it to p:message)',1,1,3,1,2,2,'2016-02-03 10:42:00','2016-03-03 10:42:00','2016-03-03 10:42:00','2016-03-01 10:42:00','DONE');
INSERT INTO TASK (ID,TITLE,DESCRIPTION,STORYPOINTS,PROJECT_ID,SPRINT_ID,ASSIGNEE_ID,CREATOR_ID,COMPLETEDBY_ID,CREATIONDATE,UPDATEDATE,COMPLETEDATE,ADDEDTOSPRINTDATE,TASKSTATUS) VALUES (59,'Change password functionality','As a user I want to change my password',2,1,3,1,2,2,'2016-02-04 10:42:00','2016-02-25 10:42:00','2016-02-25 10:42:00','2016-02-20 10:42:00','DONE');
INSERT INTO TASK (ID,TITLE,DESCRIPTION,STORYPOINTS,PROJECT_ID,SPRINT_ID,ASSIGNEE_ID,CREATOR_ID,COMPLETEDBY_ID,CREATIONDATE,UPDATEDATE,COMPLETEDATE,ADDEDTOSPRINTDATE,TASKSTATUS) VALUES (60,'Fix drag and drop','Tasks removed and added back to sprint right away, are not rendered in the drag and drop view until page refresh',2,1,3,1,3,3,'2016-02-05 10:42:00','2016-02-25 10:42:00','2016-02-25 10:42:00','2016-02-20 10:42:00','DONE');
INSERT INTO TASK (ID,TITLE,DESCRIPTION,STORYPOINTS,PROJECT_ID,SPRINT_ID,ASSIGNEE_ID,CREATOR_ID,COMPLETEDBY_ID,CREATIONDATE,UPDATEDATE,COMPLETEDATE,ADDEDTOSPRINTDATE,TASKSTATUS) VALUES (61,'Comment delete button','Add button whitch disapears andter one minute',1,1,3,1,3,3,'2016-02-06 10:42:00','2016-02-26 10:42:00','2016-02-26 10:42:00','2016-02-20 10:42:00','DONE');
/*Jura project backlog */
INSERT INTO TASK (ID,TITLE,DESCRIPTION,STORYPOINTS,PROJECT_ID,ASSIGNEE_ID,CREATOR_ID,CREATIONDATE,UPDATEDATE,TASKSTATUS) VALUES (62,'Search window','As a user I want to search for tasks in the project',1,1,1,1,'2016-02-04 10:42:00','2016-02-25 10:42:00','TODO');
INSERT INTO TASK (ID,TITLE,DESCRIPTION,STORYPOINTS,PROJECT_ID,ASSIGNEE_ID,CREATOR_ID,CREATIONDATE,UPDATEDATE,TASKSTATUS) VALUES (63,'Comments form','As administrator I want to be able to delete comments at any time',3,1,1,1,'2016-02-05 10:42:00','2016-02-25 10:42:00','TODO');
INSERT INTO TASK (ID,TITLE,DESCRIPTION,STORYPOINTS,PROJECT_ID,ASSIGNEE_ID,CREATOR_ID,CREATIONDATE,UPDATEDATE,TASKSTATUS) VALUES (64,'File drag and drop','As a user I want to upload files to tasks by draging them',3,1,1,1,'2016-02-06 10:42:00','2016-02-26 10:42:00','TODO');
INSERT INTO TASK (ID,TITLE,DESCRIPTION,STORYPOINTS,PROJECT_ID,ASSIGNEE_ID,CREATOR_ID,CREATIONDATE,UPDATEDATE,TASKSTATUS) VALUES (65,'Navigation','',1,1,1,1,'2016-02-04 10:42:00','2016-02-25 10:42:00','TODO');
INSERT INTO TASK (ID,TITLE,DESCRIPTION,STORYPOINTS,PROJECT_ID,ASSIGNEE_ID,CREATOR_ID,CREATIONDATE,UPDATEDATE,TASKSTATUS) VALUES (66,'Responsive menu','',2,1,1,1,'2016-02-05 10:42:00','2016-02-25 10:42:00','TODO');
INSERT INTO TASK (ID,TITLE,DESCRIPTION,STORYPOINTS,PROJECT_ID,ASSIGNEE_ID,CREATOR_ID,CREATIONDATE,UPDATEDATE,TASKSTATUS) VALUES (67,'CSV export icon','',3,1,1,1,'2016-02-06 10:42:00','2016-02-26 10:42:00','TODO');
INSERT INTO TASK (ID,TITLE,DESCRIPTION,STORYPOINTS,PROJECT_ID,ASSIGNEE_ID,CREATOR_ID,CREATIONDATE,UPDATEDATE,TASKSTATUS) VALUES (68,'Suspend users','Suspended user must not log in',1,1,1,1,'2016-02-04 10:42:00','2016-02-25 10:42:00','TODO');
INSERT INTO TASK (ID,TITLE,DESCRIPTION,STORYPOINTS,PROJECT_ID,ASSIGNEE_ID,CREATOR_ID,CREATIONDATE,UPDATEDATE,TASKSTATUS) VALUES (69,'Add new font','Font awesome would be good for out app',3,1,2,2,'2016-02-05 10:42:00','2016-02-25 10:42:00','TODO');
INSERT INTO TASK (ID,TITLE,DESCRIPTION,STORYPOINTS,PROJECT_ID,ASSIGNEE_ID,CREATOR_ID,CREATIONDATE,UPDATEDATE,TASKSTATUS) VALUES (70,'Prepare for presentation','Presentation is on Friday',5,1,2,2,'2016-02-06 10:42:00','2016-02-26 10:42:00','TODO');
INSERT INTO TASK (ID,TITLE,DESCRIPTION,STORYPOINTS,PROJECT_ID,ASSIGNEE_ID,CREATOR_ID,CREATIONDATE,UPDATEDATE,TASKSTATUS) VALUES (71,'Add new data to import.sql','We need mock data for presentation',3,1,3,3,'2016-02-04 10:42:00','2016-02-25 10:42:00','TODO');
INSERT INTO TASK (ID,TITLE,DESCRIPTION,STORYPOINTS,PROJECT_ID,ASSIGNEE_ID,CREATOR_ID,CREATIONDATE,UPDATEDATE,TASKSTATUS) VALUES (72,'Set up server','App must be in a cloud',1,1,1,1,'2016-02-05 10:42:00','2016-02-25 10:42:00','TODO');
INSERT INTO TASK (ID,TITLE,DESCRIPTION,STORYPOINTS,PROJECT_ID,ASSIGNEE_ID,CREATOR_ID,CREATIONDATE,UPDATEDATE,TASKSTATUS) VALUES (73,'Sell Jura app','Clients will like our new app',1,1,1,1,'2016-02-06 10:42:00','2016-02-26 10:42:00','TODO');


/*E-shop*/
INSERT INTO TASK (ID, TITLE, DESCRIPTION, CREATIONDATE, UPDATEDATE, STORYPOINTS, TASKSTATUS, PROJECT_ID, SPRINT_ID, ASSIGNEE_ID, CREATOR_ID, COMPLETEDATE, ADDEDTOSPRINTDATE) VALUES(88, 'Configure database tables relationships', '', '2015-12-01 11:01:11', '2015-12-01 11:02:21', 5, 'DONE', 2, 5, 1, 1, '2015-12-05 12:15:11', '2015-12-01 12:14:11');
INSERT INTO TASK (ID, TITLE, DESCRIPTION, CREATIONDATE, UPDATEDATE, STORYPOINTS, TASKSTATUS, PROJECT_ID, SPRINT_ID, ASSIGNEE_ID, CREATOR_ID, COMPLETEDATE, ADDEDTOSPRINTDATE) VALUES(89, 'Create UML diagram', '', '2015-12-01 11:02:11', '2015-12-01 11:02:21', 3, 'DONE', 2, 5, 2, 2, '2015-12-06 12:15:11', '2015-12-01 12:10:11');
INSERT INTO TASK (ID, TITLE, DESCRIPTION, CREATIONDATE, UPDATEDATE, STORYPOINTS, TASKSTATUS, PROJECT_ID, SPRINT_ID, ASSIGNEE_ID, CREATOR_ID, COMPLETEDATE, ADDEDTOSPRINTDATE) VALUES(90, 'Draw UI mock up', '', '2015-12-01 11:03:11', '2015-12-01 11:03:21', 2, 'DONE', 2, 5, 1, 1, '2015-12-12 12:15:11', '2015-12-01 12:14:11');
INSERT INTO TASK (ID, TITLE, DESCRIPTION, CREATIONDATE, UPDATEDATE, STORYPOINTS, TASKSTATUS, PROJECT_ID, SPRINT_ID, ASSIGNEE_ID, CREATOR_ID, COMPLETEDATE, ADDEDTOSPRINTDATE) VALUES(91, 'Create users login functionality', 'Two roles: admin, user', '2015-12-01 11:04:21', '2015-12-01 11:04:31', 8, 'DONE', 2, 5, 1, 1, '2015-12-17 12:15:11', '2015-12-01 12:16:11');
INSERT INTO TASK (ID, TITLE, DESCRIPTION, CREATIONDATE, UPDATEDATE, STORYPOINTS, TASKSTATUS, PROJECT_ID, SPRINT_ID, ASSIGNEE_ID, CREATOR_ID, COMPLETEDATE, ADDEDTOSPRINTDATE) VALUES(92, 'Create UI template', '', '2015-12-22 11:07:41', '2015-12-22 11:07:51', 2, 'DONE', 2, 6, 3, 2, '2015-12-28 12:15:11', '2015-12-21 12:18:11');
INSERT INTO TASK (ID, TITLE, DESCRIPTION, CREATIONDATE, UPDATEDATE, STORYPOINTS, TASKSTATUS, PROJECT_ID, SPRINT_ID, ASSIGNEE_ID, CREATOR_ID, COMPLETEDATE, ADDEDTOSPRINTDATE) VALUES(93, 'Create categories view', '', '2015-12-22 11:10:51', '2015-12-22 11:11:01', 3, 'DONE', 2, 6, 3, 1, '2016-01-05 12:15:11', '2015-12-21 12:18:11');
INSERT INTO TASK (ID, TITLE, DESCRIPTION, CREATIONDATE, UPDATEDATE, STORYPOINTS, TASKSTATUS, PROJECT_ID, SPRINT_ID, ASSIGNEE_ID, CREATOR_ID, COMPLETEDATE, ADDEDTOSPRINTDATE) VALUES(94, 'Create item view', '', '2015-12-22 11:11:11', '2015-12-22 11:11:21', 3, 'DONE', 2, 6, 1, 2, '2016-01-14 12:15:11', '2015-12-21 12:20:11');
INSERT INTO TASK (ID, TITLE, DESCRIPTION, CREATIONDATE, UPDATEDATE, STORYPOINTS, TASKSTATUS, PROJECT_ID, SPRINT_ID, ASSIGNEE_ID, CREATOR_ID, COMPLETEDATE, ADDEDTOSPRINTDATE) VALUES(95, 'Create user meniu view', '', '2016-01-17 11:12:41', '2016-01-17 11:12:51', 3, 'INPROGRESS', 2, 7, 1, 1, '2016-01-21 12:15:11', '2016-01-16 12:22:11');
INSERT INTO TASK (ID, TITLE, DESCRIPTION, CREATIONDATE, UPDATEDATE, STORYPOINTS, TASKSTATUS, PROJECT_ID, SPRINT_ID, ASSIGNEE_ID, CREATOR_ID, COMPLETEDATE, ADDEDTOSPRINTDATE) VALUES(96, 'Create admin meniu view', '', '2016-01-17 11:14:11', '2016-01-17 11:14:21', 3, 'DONE', 2, 7, 1, 1, '2016-02-04 12:15:11', '2016-01-16 12:24:11');
INSERT INTO TASK (ID, TITLE, DESCRIPTION, CREATIONDATE, UPDATEDATE, STORYPOINTS, TASKSTATUS, PROJECT_ID, SPRINT_ID, ASSIGNEE_ID, CREATOR_ID, COMPLETEDATE, ADDEDTOSPRINTDATE) VALUES(97, 'Implement payment system', '', '2016-02-07 11:16:11', '2016-02-07 11:16:21', 3, 'DONE', 2, 8, 1, 2, '2016-02-10 12:15:11', '2016-02-06 12:26:11');
INSERT INTO TASK (ID, TITLE, DESCRIPTION, CREATIONDATE, UPDATEDATE, STORYPOINTS, TASKSTATUS, PROJECT_ID, SPRINT_ID, ASSIGNEE_ID, CREATOR_ID, ADDEDTOSPRINTDATE) VALUES(98, 'Validate input fields', '', '2016-02-07 11:18:21', '2016-02-07 11:18:41', 5, 'INPROGRESS', 2, 8, 1, 2, '2016-02-06 12:28:11');

/*Visit Vilnius*/
INSERT INTO TASK (ID, TITLE, DESCRIPTION, CREATIONDATE, UPDATEDATE, STORYPOINTS, TASKSTATUS, PROJECT_ID, SPRINT_ID, ASSIGNEE_ID, CREATOR_ID, COMPLETEDATE, ADDEDTOSPRINTDATE) VALUES(81, 'Create mobile UI template', '', '2015-12-22 11:07:41', '2015-12-22 11:07:51', 2, 'DONE', 3, 9, 1, 2, '2015-12-28 12:15:11', '2015-12-21 12:18:11');
INSERT INTO TASK (ID, TITLE, DESCRIPTION, CREATIONDATE, UPDATEDATE, STORYPOINTS, TASKSTATUS, PROJECT_ID, SPRINT_ID, ASSIGNEE_ID, CREATOR_ID, COMPLETEDATE, ADDEDTOSPRINTDATE) VALUES(82, 'Create Main page view', '', '2015-12-22 11:10:51', '2015-12-22 11:11:01', 3, 'DONE', 3, 9, 2, 1, '2016-01-05 12:15:11', '2015-12-21 12:18:11');
INSERT INTO TASK (ID, TITLE, DESCRIPTION, CREATIONDATE, UPDATEDATE, STORYPOINTS, TASKSTATUS, PROJECT_ID, SPRINT_ID, ASSIGNEE_ID, CREATOR_ID, COMPLETEDATE, ADDEDTOSPRINTDATE) VALUES(83, 'Create places to visit view', '', '2015-12-22 11:11:11', '2015-12-22 11:11:21', 3, 'DONE', 3, 9, 1, 2, '2016-01-14 12:15:11', '2015-12-21 12:20:11');
INSERT INTO TASK (ID, TITLE, DESCRIPTION, CREATIONDATE, UPDATEDATE, STORYPOINTS, TASKSTATUS, PROJECT_ID, SPRINT_ID, ASSIGNEE_ID, CREATOR_ID, COMPLETEDATE, ADDEDTOSPRINTDATE) VALUES(84, 'Add google map', '', '2016-01-17 11:12:41', '2016-01-17 11:12:51', 3, 'DONE', 3, 10, 2, 1, '2016-01-21 12:15:11', '2016-01-16 12:22:11');
INSERT INTO TASK (ID, TITLE, DESCRIPTION, CREATIONDATE, UPDATEDATE, STORYPOINTS, TASKSTATUS, PROJECT_ID, SPRINT_ID, ASSIGNEE_ID, CREATOR_ID, COMPLETEDATE, ADDEDTOSPRINTDATE) VALUES(85, 'Create user meniu view', '', '2016-01-17 11:14:11', '2016-01-17 11:14:21', 3, 'DONE', 3, 10, 1, 1, '2016-02-04 12:15:11', '2016-01-16 12:24:11');
INSERT INTO TASK (ID, TITLE, DESCRIPTION, CREATIONDATE, UPDATEDATE, STORYPOINTS, TASKSTATUS, PROJECT_ID, SPRINT_ID, ASSIGNEE_ID, CREATOR_ID, ADDEDTOSPRINTDATE) VALUES(86, 'Implement GPS functionality', '', '2016-02-07 11:16:11', '2016-02-07 11:16:21', 3, 'TODO', 3, 11, 1, 2, '2016-02-06 12:26:11');
INSERT INTO TASK (ID, TITLE, DESCRIPTION, CREATIONDATE, UPDATEDATE, STORYPOINTS, TASKSTATUS, PROJECT_ID, SPRINT_ID, ASSIGNEE_ID, CREATOR_ID, ADDEDTOSPRINTDATE) VALUES(87, 'Validate input fields', '', '2016-02-07 11:18:21', '2016-02-07 11:18:41', 5, 'INPROGRESS', 3, 11, 1, 2, '2016-02-06 12:28:11');
